"Flickr album title","Commons categories"
"NASA Super Pressure Balloon Begins Globetrotting Journey","NASA Super Pressure Balloons"
"Royal Swedish Academy of Engineering Sciences visit to Goddard","Royal Swedish Academy of Engineering Sciences visit to Goddard"
"Hurricane Irma","Satellite pictures of Hurricane Irma"
"Suomi NPP","Suomi NPP"
"NAAMES Field Campaign Photo Essay","NAAMES"
"Screening of “Above and Beyond: NASA’s Journey to Tomorrow”","Goddard Space Flight Center in 2018"
"Earth","Earth from space"
"OSIRIRS-REx: Bennu's Journey","OSIRIS-Rex"
"NICER","NICER"
"WFIRST at #AAS235 Conference - 2020","Wide Field Infrared Survey Telescope;American Astronomical Society conference 2020"
"Locations at Goddard",
"AVAIL ",
"Hurricane Willa","Hurricane Willa (2018)"
"Asteroid Redirect Mission Update","Asteroid Redirect Mission"
"Parker Solar Probe","Parker Solar Probe"
"Lunar Reconnaissance Orbiter (LRO)","Lunar Reconnaissance Orbiter"
"JWST Town Hall and Media Day","Meetings related to the James Webb Space Telescope"
"President Park Geun-hye of South Korea","Park Geun-hye in 2015"
"Goddard 2018","Goddard Space Flight Center in 2018"
"Landsat 8","Landsat 8"
"‘STEM Boys Night In’ at NASA Goddard","Goddard Space Flight Center in 2019 ;STEM at Goddard Space Flight Center"
"Aerial View of NASA Goddard","Aerial photographs of the Goddard Space Flight Center"
"2017: Big Year For IceBridge","Operation IceBridge"
"Hubble Space Telescope Servicing Mission Photos","Hubble Space Telescope servicing missions"
"Leonardo DiCaprio visited Goddard Saturday to discuss Earth science with Piers Sellers","Piers Sellers;Leonardo DiCaprio in 2016;Goddard Space Flight Center in 2016"
"2017 Total Solar Eclipse","Solar eclipse of 2017 August 21"
"Senator Barbara Mikulski Visits NASA Goddard","Barbara Mikulski visits the Goddard Space Flight Center (January 2016)"
"Suomi NPP 5-Year Anniversary","Suomi NPP"
"Piers Sellers","Piers Sellers"
"Moon Landing Services for Artemis Program","Commercial Lunar Payload Services"
"Hurricane Irene","Hurricane Irene (2011)"
"Goddard 60th Anniversary Group Photo","Goddard Space Flight Center in 2019"
"Earth Observing-1","NASA Earth Observing-1 images"
"SDO","Solar Dynamics Observatory"
"NASA's BARREL Mission in Sweden","BARREL;Esrange"
"National Parks from Space","National parks of the United States;Satellite pictures"
"Hurricane Patricia","Hurricane Patricia"
"Total Solar Eclipse - July 2, 2019","Solar eclipse of 2019 July 2"
"Hurricane Harvey","Hurricane Harvey"
"Freshwater","Water"
"Robotic Refueling Mission 3 (RRM3)","Robotic Refueling Mission"
"2015 Film Festival",
"AVAIL Images",
"Lynda Barry Visits NASA Goddard","Lynda Barry visits the Goddard Space Flight Center (April 2016)"
"Hurricane Florence","Hurricane Florence (2018)"
"Back to the Future","Back to the Future"
"Ending Year in Space: NASA Goddard Network Maintains Communications from Space to Ground","Goddard Space Flight Center in 2016"
"Pluto","134340 Pluto"
"Weather","Weather"
"2017 NASA Astronaut Candidate Class Visits Goddard","Goddard Space Flight Center in 2017"
"California Wildfires - 2017","2017 wildfires in California"
"James Webb Space Telescope","James Webb Space Telescope"
"NASA’s Terra Satellite Celebrates 100K Orbits","Photos by Terra (satellite)"
"2016 Super Bowl Cities from Space","Satellite pictures of the United States"
"New Simulation Sheds Light on Spiraling Supermassive Black Holes","Rotating black holes"
"NASA Goddard Beauties",
"Apollo 8","Apollo 8"
"Operation IceBridge flight over the Larsen C 10/2017","Operation IceBridge"
"2020 State of NASA - NASA Social at Goddard","Goddard Space Flight Center in 2020"
"Wallops Flight Facility","Wallops Flight Facility"
"Hurricane Joaquin","Hurricane Joaquin"
"Spitzer Sweet Sixteen","Images by Spitzer Space Telescope"
"NASA Administrator Visits Goddard","Goddard Space Flight Center in 2018"
"NASA Commercialization Training Camp","Facilities at Johnson Space Center"
"2016 Blizzard","North American blizzard of 2016"
"JWST Mirror Revealed","James Webb Space Telescope"
"Cretaceous Footprints Found on Goddard Campus","Nodosaur footprint on the Goddard Space Flight Center campus (August 2012)"
"History of the Blue Marble","The Blue Marble"
"""Lost In Space"" Tour of Goddard","Lost in Space (2018 TV series);Goddard Space Flight Center in 2019"
"Hurricane Michael","Hurricane Michael (2018)"
"Hubble Space Telescope","Hubble Space Telescope"
"NASA Goes to the Super Bowl - 2017","Satellite pictures of the United States"
"Testing Satellite Servicing Technologies","Goddard Space Flight Center in 2018"
"Building 8 Aud",
"The People of Goddard Space Flight Center",
"Apollo 1 Remembered - 50th Anniversary","Apollo program"
