"ESA people","Commons categories"
"Maurizio Cheli","Maurizio Cheli"
"Claude Nicollier","Claude Nicollier"
"Jean-François Clervoy","Jean-François Clervoy"
"Samantha Cristoforetti","Samantha Cristoforetti"
"Pedro Duque","Pedro Duque"
"Reinhold Ewald","Reinhold Ewald"
"Léopold Eyharts","Léopold Eyharts"
"Frank De Winne","Frank De Winne"
"Christer Fuglesang","Christer Fuglesang"
"Alexander Gerst","Alexander Gerst"
"Umberto Guidoni","Umberto Guidoni"
"Claudie Haigneré","Claudie Haigneré"
"Jean-Pierre Haigneré","Jean-Pierre Haigneré"
"André Kuipers","André Kuipers"
"Matthias Maurer","Matthias Maurer"
"Ulf Merbold","Ulf Merbold"
"Michel Tognini","Michel Tognini"
"Andreas Mogensen","Andreas Mogensen"
"Paolo Nespoli","Paolo Nespoli"
"Wubbo Ockels","Wubbo Ockels"
"Luca Parmitano","Luca Parmitano"
"Timothy Peake","Timothy Peake"
"Philippe Perrin","Philippe Perrin"
"Thomas Pesquet","Thomas Pesquet"
"Thomas Reiter‎","Thomas Reiter"
"Hans Schlegel‎","Hans Schlegel"
"Gerhard Thiele‎","Gerhard Thiele"
"Insa Thiele-Eich","Insa Thiele-Eich"
"Roberto Vittori","Roberto Vittori"
