"ESO category","Commons Category"
"Solar System","Solar System"
"Solar System : Planet","Planets of the Solar System"
"Solar System : Planet : Type : Terrestrial","Terrestrial Planet"
"Solar System : Planet : Type : Gas Giant","Jovian planets"
"Solar System : Planet : Feature : Surface","Surface features of astronomical bodies of the Solar System"
"Solar System : Planet : Feature : Surface : Mountain","Extraterrestrial mountains"
"Solar System : Planet : Feature : Surface : Canyon","Extraterrestrial valleys and canyons"
"Solar System : Planet : Feature : Surface : Volcanic","Extraterrestrial volcanoes"
"Solar System : Planet : Feature : Surface : Impact","Impact craters"
"Solar System : Planet : Feature : Surface : Erosion","Erosion"
"Solar System : Planet : Feature : Surface : Liquid","Liquid"
"Solar System : Planet : Feature : Surface : Ice","Ice"
"Solar System : Planet : Feature : Atmosphere","Planetary atmospheres"
"Solar System : Planet : Feature : Atmosphere : Cloud","Clouds"
"Solar System : Planet : Feature : Atmosphere : Storm","Storms"
"Solar System : Planet : Feature : Atmosphere : Aurora","Polar aurora"
"Solar System : Planet : Special Cases : Transiting","Astronomical transits"
"Solar System : Planet : Special Cases : Hot Jupiter","Hot Jupiters"
"Solar System : Planet : Special Cases : Pulsar planet","Pulsar planets"
"Solar System : Planet : Satellite","Natural satellites"
"Solar System : Planet : Satellite : Feature : Surface","Surface features of moons"
"Solar System : Planet : Satellite : Feature : Surface : Mountain","Extraterrestrial mountains"
"Solar System : Planet : Satellite : Feature : Surface : Canyon","Extraterrestrial valleys and canyons"
"Solar System : Planet : Satellite : Feature : Surface : Volcanic","Extraterrestrial volcanoes"
"Solar System : Planet : Satellite : Feature : Surface : Impact","Impact craters on moons"
"Solar System : Planet : Satellite : Feature : Surface : Erosion","Erosion"
"Solar System : Planet : Satellite : Feature : Surface : Liquid","Liquid"
"Solar System : Planet : Satellite : Feature : Surface : Ice","Ice"
"Solar System : Planet : Satellite : Feature : Atmosphere","Planetary atmospheres"
"Solar System : Planet : Ring","Planetary rings"
"Solar System : Interplanetary Body","Small Solar System bodies"
"Solar System : Interplanetary Body : Dwarf planet","Dwarf planets of the Solar System"
"Solar System : Interplanetary Body : Comet","Comets"
"Solar System : Interplanetary Body : Comet : Nucleus","Cometary nuclei"
"Solar System : Interplanetary Body : Comet : Coma","Coma (cometary)"
"Solar System : Interplanetary Body : Comet : Tail","Comet tail"
"Solar System : Interplanetary Body : Comet : Tail : Dust","Comet tail"
"Solar System : Interplanetary Body : Comet : Tail : Gas","Comet tail"
"Solar System : Interplanetary Body : Asteroid","Asteroids"
"Solar System : Interplanetary Body : Meteoroid","Meteoroids"
"Solar System : Star","Stars"
"Solar System : Star : Evolutionary Stage : Protostar","Protostars"
"Solar System : Star : Evolutionary Stage : Young Stellar Object","Young stellar objects"
"Solar System : Star : Evolutionary Stage : Main Sequence","Main sequence stars"
"Solar System : Star : Evolutionary Stage : Red Giant","Red giants"
"Solar System : Star : Evolutionary Stage : Red Supergiant","Red supergiants"
"Solar System : Star : Evolutionary Stage : Blue Supergiant","Blue supergiants"
"Solar System : Star : Evolutionary Stage : White Dwarf","White dwarfs"
"Solar System : Star : Evolutionary Stage : Supernova","Supernovae"
"Solar System : Star : Evolutionary Stage : Neutron Star","Neutron stars"
"Solar System : Star : Evolutionary Stage : Neutron Star : Pulsar","Pulsars"
"Solar System : Star : Evolutionary Stage : Neutron Star : Magnetar","Magnetars"
"Solar System : Star : Evolutionary Stage : Black Hole","Black holes"
"Solar System : Star : Type : Variable","Variable stars"
"Solar System : Star : Type : Variable : Pulsating","Pulsating variable stars"
"Solar System : Star : Type : Variable : Irregular","Variable stars"
"Solar System : Star : Type : Variable : Eclipsing","Eclipsing binary stars"
"Solar System : Star : Type : Variable : Flare Star","Flare stars"
"Solar System : Star : Type : Variable : Nova","Novae"
"Solar System : Star : Type : Variable : X-Ray Binary (Star)","Variable stars"
"Solar System : Star : Type : Carbon","C stars"
"Solar System : Star : Type : Brown Dwarf","Brown dwarfs"
"Solar System : Star : Type : Wolf-Rayet","Wolf-Rayet stars"
"Solar System : Star : Type : Blue Straggler","Blue stragglers"
"Solar System : Star : Type : Exotic","Exotic stars"
"Solar System : Star : Type : Exotic : X-Ray Binary","Exotic stars"
"Solar System : Star : Spectral Type : O","O stars"
"Solar System : Star : Spectral Type : B","B stars"
"Solar System : Star : Spectral Type : A","A stars"
"Solar System : Star : Spectral Type : F","F stars"
"Solar System : Star : Spectral Type : G","G stars"
"Solar System : Star : Spectral Type : K","K stars"
"Solar System : Star : Spectral Type : M","M stars"
"Solar System : Star : Spectral Type : L","L stars"
"Solar System : Star : Spectral Type : T","T stars"
"Solar System : Star : Population : I","Stellar populations"
"Solar System : Star : Population : II","Stellar populations"
"Solar System : Star : Population : III","Stellar populations"
"Solar System : Star : Feature : Photosphere","Photosphere"
"Solar System : Star : Feature : Photosphere : Granulation","Granules (solar physics)"
"Solar System : Star : Feature : Photosphere : Sunspot","Sunspots"
"Solar System : Star : Feature : Chromosphere","Chromosphere"
"Solar System : Star : Feature : Chromosphere : Flare","Solar flares"
"Solar System : Star : Feature : Chromosphere : Facula","Solar faculae"
"Solar System : Star : Feature : Corona","Solar corona"
"Solar System : Star : Feature : Corona : Prominence","Prominence"
"Solar System : Star : Grouping : Binary","Binary stars"
"Solar System : Star : Grouping : Triple","Triple star systems"
"Solar System : Star : Grouping : Multiple","Multiple star systems"
"Solar System : Star : Grouping : Cluster","Star clusters"
"Solar System : Star : Grouping : Cluster : Open","Open clusters"
"Solar System : Star : Grouping : Cluster : Globular","Globular clusters"
"Solar System : Star : Circumstellar Material","Circumstellar envelope"
"Solar System : Star : Circumstellar Material : Planetary System","Planetary systems"
"Solar System : Star : Circumstellar Material : Disk","Circumstellar discs"
"Solar System : Star : Circumstellar Material : Disk : Protoplanetary","Protoplanetary disks"
"Solar System : Star : Circumstellar Material : Disk : Accretion","Accretion disks"
"Solar System : Star : Circumstellar Material : Disk : Debris","Debris disks"
"Solar System : Star : Circumstellar Material : Outflow","Stellar outflow"
"Solar System : Star : Circumstellar Material : Outflow : Solar Wind","Stellar wind"
"Solar System : Star : Circumstellar Material : Outflow : Coronal Mass Ejection","Coronal mass ejection"
"Solar System : Nebula","Nebulae"
"Solar System : Nebula : Type : Interstellar Medium","Interstellar medium"
"Solar System : Nebula : Type : Star Formation","Star formation"
"Solar System : Nebula : Type : Planetary","Planetary nebulae"
"Solar System : Nebula : Type : Supernova Remnant","Supernova remnants"
"Solar System : Nebula : Type : Jet","Astrophysical jets"
"Solar System : Nebula : Appearance : Emission","Emission nebulae"
"Solar System : Nebula : Appearance : Emission : H II Region","H II regions"
"Solar System : Nebula : Appearance : Reflection","Reflection nebulae"
"Solar System : Nebula : Appearance : Reflection : Light Echo","Light echo"
"Solar System : Nebula : Appearance : Dark","Dark nebulae"
"Solar System : Nebula : Appearance : Dark : Molecular Cloud","Molecular clouds"
"Solar System : Nebula : Appearance : Dark : Bok Globule","Bok globules"
"Solar System : Nebula : Appearance : Dark : Proplyd","Proplyds"
"Solar System : Galaxy","Galaxies"
"Solar System : Galaxy : Type : Spiral","Spiral galaxies"
"Solar System : Galaxy : Type : Barred","Barred spiral galaxies"
"Solar System : Galaxy : Type : Lenticular","Lenticular galaxies"
"Solar System : Galaxy : Type : Elliptical","Elliptical galaxies"
"Solar System : Galaxy : Type : Ring","Ring galaxies"
"Solar System : Galaxy : Type : Irregular","Irregular galaxies"
"Solar System : Galaxy : Type : Interacting","Interacting galaxies"
"Solar System : Galaxy : Type : Gravitationally Lensed","Gravitational lensing"
"Solar System : Galaxy : Size : Giant","Galaxies"
"Solar System : Galaxy : Size : Dwarf","Dwarf galaxies"
"Solar System : Galaxy : Activity : Normal","Galaxies"
"Solar System : Galaxy : Activity : AGN","Active galactic nuclei"
"Solar System : Galaxy : Activity : AGN : Quasar","Quasars"
"Solar System : Galaxy : Activity : AGN : Seyfert","Seyfert galaxies"
"Solar System : Galaxy : Activity : AGN : Blazar","Blazars"
"Solar System : Galaxy : Activity : AGN : Liner","LINERs"
"Solar System : Galaxy : Activity : Starburst","Starburst galaxies"
"Solar System : Galaxy : Activity : Ultraluminous","Ultraluminous X-ray source"
"Solar System : Galaxy : Component : Bulge","Bulges"
"Solar System : Galaxy : Component : Bar","Barred spiral galaxies"
"Solar System : Galaxy : Component : Disk","Spiral galaxies"
"Solar System : Galaxy : Component : Halo","Galactic halos"
"Solar System : Galaxy : Component : Ring","Ring galaxies"
"Solar System : Galaxy : Component : Central Black Hole","Black holes"
"Solar System : Galaxy : Component : Spiral Arm","Spiral galaxies"
"Solar System : Galaxy : Component : Dust Lane","Dust lanes"
"Solar System : Galaxy : Component : Center/Core","Galactic Center"
"Solar System : Galaxy : Grouping : Pair","Galaxy groups"
"Solar System : Galaxy : Grouping : Multiple","Galaxy groups"
"Solar System : Galaxy : Grouping : Cluster","Galaxy clusters"
"Solar System : Galaxy : Grouping : Supercluster","Superclusters of galaxies"
"Solar System : Cosmology","Cosmology"
"Solar System : Cosmology : Morphology : Deep Field","Deep fields"
"Solar System : Cosmology : Morphology : Large-Scale Structure","Large-scale structure of the cosmos"
"Solar System : Cosmology : Morphology : Cosmic Background","Cosmic microwave background"
"Solar System : Cosmology : Phenomenon : Lensing","Gravitational lensing"
"Solar System : Cosmology : Phenomenon : Gamma Ray Burst","Gamma ray bursts"
"Solar System : Cosmology : Phenomenon : Dark Matter","Dark matter"
"Solar System : Sky Phenomenon","Sky"
"Solar System : Sky Phenomenon : Night Sky","Night sky"
"Solar System : Sky Phenomenon : Night Sky : Constellation","Constellations"
"Solar System : Sky Phenomenon : Night Sky : Asterism","Asterisms (astronomy)"
"Solar System : Sky Phenomenon : Night Sky : Milky Way","Milky Way Galaxy"
"Solar System : Sky Phenomenon : Night Sky : Trail","Light trails"
"Solar System : Sky Phenomenon : Night Sky : Trail : Meteor","Meteor trails"
"Solar System : Sky Phenomenon : Night Sky : Trail : Star","Star trails"
"Solar System : Sky Phenomenon : Night Sky : Trail : Satellite","Satellite trails"
"Solar System : Sky Phenomenon : Night Sky : Zodiacal Light","Zodiacal light"
"Solar System : Sky Phenomenon : Night Sky : Zodiacal Light : Gegenschein","Gegenschein"
"Solar System : Sky Phenomenon : Night Sky : Night glow","Skyglow"
"Solar System : Sky Phenomenon : Eclipse","Eclipse"
"Solar System : Sky Phenomenon : Eclipse : Solar","Solar eclipses"
"Solar System : Sky Phenomenon : Eclipse : Solar : Total","Solar eclipses"
"Solar System : Sky Phenomenon : Eclipse : Solar : Partial","Solar eclipses"
"Solar System : Sky Phenomenon : Eclipse : Solar : Annular","Solar eclipses"
"Solar System : Sky Phenomenon : Eclipse : Lunar","Lunar eclipses"
"Solar System : Sky Phenomenon : Eclipse : Lunar : Total","Lunar eclipses"
"Solar System : Sky Phenomenon : Eclipse : Lunar : Partial","Lunar eclipses"
"Solar System : Sky Phenomenon : Eclipse : Lunar : Penumbral","Lunar eclipses"
"Solar System : Sky Phenomenon : Eclipse : Occultation","Occultation"
"Solar System : Sky Phenomenon : Eclipse : Transit","Astronomical transits"
"Solar System : Sky Phenomenon : Light Phenomenon","Atmospheric optical phenomena"
"Solar System : Sky Phenomenon : Light Phenomenon : Sunrise-Sunset","Sunsets and sunrises"
"Solar System : Sky Phenomenon : Light Phenomenon : Sunrise-Sunset : Green flash","Green flash phenomena"
"Solar System : Sky Phenomenon : Light Phenomenon : Sunrise-Sunset : Refractive Distortion","Atmospheric seeing"
"Solar System : Sky Phenomenon : Light Phenomenon : Sunrise-Sunset : Sun Pillar","Sun pillars"
"Solar System : Sky Phenomenon : Light Phenomenon : Cloud","Clouds"
"Solar System : Sky Phenomenon : Light Phenomenon : Cloud : Iridescent","Iridescent clouds"
"Solar System : Sky Phenomenon : Light Phenomenon : Cloud : Noctilucent","Noctilucent clouds"
"Solar System : Sky Phenomenon : Light Phenomenon : Cloud : Nacreous","Polar stratospheric clouds"
"Solar System : Sky Phenomenon : Light Phenomenon : Cloud : Corona","Corona"
"Solar System : Sky Phenomenon : Light Phenomenon : Cloud : Glory","Glories"
"Solar System : Sky Phenomenon : Light Phenomenon : Rainbow","Rainbows"
"Solar System : Sky Phenomenon : Light Phenomenon : Rainbow : Moonbow","Moonbows"
"Solar System : Sky Phenomenon : Light Phenomenon : Rainbow : Fogbow","Fogbow"
"Solar System : Sky Phenomenon : Light Phenomenon : Halo","Halo phenomena"
"Solar System : Sky Phenomenon : Light Phenomenon : Halo : Circle","Halo phenomena"
"Solar System : Sky Phenomenon : Light Phenomenon : Halo : Parhelia","Parhelia"
"Solar System : Sky Phenomenon : Light Phenomenon : Halo : Arc","Halo phenomena"
"Solar System : Sky Phenomenon : Light Phenomenon : Ray-Shadow","Shadows (atmospheric optics)"
"Solar System : Sky Phenomenon : Light Phenomenon : Ray-Shadow : Crepuscular ray","Crepuscular rays"
"Solar System : Sky Phenomenon : Light Phenomenon : Ray-Shadow : Anti-crepuscular ray","Anticrepuscular rays"
"Solar System : Sky Phenomenon : Light Phenomenon : Ray-Shadow : Earth shadow","Earth's shadow"
"Solar System : Sky Phenomenon : Light Phenomenon : Lightning","Lightning"
"Solar System : Sky Phenomenon : Light Phenomenon : Aurora","Polar aurora"
"Solar System : Technology","Scientific equipment"
"Solar System : Technology : Observatory","Observatories"
"Solar System : Technology : Observatory : Facility","Astronomical observatories"
"Solar System : Technology : Observatory : Telescope","Telescopes"
"Solar System : Technology : Observatory : Instrument","Astronomical instruments"
"Solar System : Technology : Observatory : Detector","Astronomical instruments"
"Solar System : Technology : Spacecraft","Spacecraft"
"Solar System : Technology : Spacecraft : Orbiter","Orbiters (spacecraft)"
"Solar System : Technology : Spacecraft : Probe","Space probes"
"Solar System : Technology : Spacecraft : Lander","Landers (spacecraft)"
"Solar System : Technology : Spacecraft : Manned","Manned spacecraft"
"Solar System : Technology : Spacecraft : Launch Vehicle","Space launch vehicles"
"Solar System : People","People"
"Solar System : People : Scientist","Scientists"
"Solar System : People : Astronaut","Astronauts"
"Solar System : People : Other/General","People"
"Milky Way","Milky Way Galaxy"
"Milky Way : Planet","Planets"
"Milky Way : Planet : Type : Terrestrial","Terrestrial Planet"
"Milky Way : Planet : Type : Gas Giant","Gas giants"
"Milky Way : Planet : Feature : Surface","Surface features of astronomical bodies"
"Milky Way : Planet : Feature : Surface : Mountain","Extraterrestrial mountains"
"Milky Way : Planet : Feature : Surface : Canyon","Extraterrestrial valleys and canyons"
"Milky Way : Planet : Feature : Surface : Volcanic","Extraterrestrial volcanoes"
"Milky Way : Planet : Feature : Surface : Impact","Impact craters"
"Milky Way : Planet : Feature : Surface : Erosion","Erosion"
"Milky Way : Planet : Feature : Surface : Liquid","Liquid"
"Milky Way : Planet : Feature : Surface : Ice","Ice"
"Milky Way : Planet : Feature : Atmosphere","Planetary atmospheres"
"Milky Way : Planet : Feature : Atmosphere : Cloud","Clouds"
"Milky Way : Planet : Feature : Atmosphere : Storm","Storms"
"Milky Way : Planet : Feature : Atmosphere : Aurora","Polar aurora"
"Milky Way : Planet : Special Cases : Transiting","Astronomical transits"
"Milky Way : Planet : Special Cases : Hot Jupiter","Hot Jupiters"
"Milky Way : Planet : Special Cases : Pulsar planet","Pulsar planets"
"Milky Way : Planet : Satellite","Natural satellites"
"Milky Way : Planet : Satellite : Feature : Surface","Surface features of moons"
"Milky Way : Planet : Satellite : Feature : Surface : Mountain","Extraterrestrial mountains"
"Milky Way : Planet : Satellite : Feature : Surface : Canyon","Extraterrestrial valleys and canyons"
"Milky Way : Planet : Satellite : Feature : Surface : Volcanic","Extraterrestrial volcanoes"
"Milky Way : Planet : Satellite : Feature : Surface : Impact","Impact craters on moons"
"Milky Way : Planet : Satellite : Feature : Surface : Erosion","Erosion"
"Milky Way : Planet : Satellite : Feature : Surface : Liquid","Liquid"
"Milky Way : Planet : Satellite : Feature : Surface : Ice","Ice"
"Milky Way : Planet : Satellite : Feature : Atmosphere","Planetary atmospheres"
"Milky Way : Planet : Ring","Planetary rings"
"Milky Way : Interplanetary Body","Astronomical objects"
"Milky Way : Interplanetary Body : Dwarf planet","Planets"
"Milky Way : Interplanetary Body : Comet","Comets"
"Milky Way : Interplanetary Body : Comet : Nucleus","Cometary nuclei"
"Milky Way : Interplanetary Body : Comet : Coma","Coma (cometary)"
"Milky Way : Interplanetary Body : Comet : Tail","Comet tail"
"Milky Way : Interplanetary Body : Comet : Tail : Dust","Comet tail"
"Milky Way : Interplanetary Body : Comet : Tail : Gas","Comet tail"
"Milky Way : Interplanetary Body : Asteroid","Asteroids"
"Milky Way : Interplanetary Body : Meteoroid","Meteoroids"
"Milky Way : Star","Stars"
"Milky Way : Star : Evolutionary Stage : Protostar","Protostars"
"Milky Way : Star : Evolutionary Stage : Young Stellar Object","Young stellar objects"
"Milky Way : Star : Evolutionary Stage : Main Sequence","Main sequence stars"
"Milky Way : Star : Evolutionary Stage : Red Giant","Red giants"
"Milky Way : Star : Evolutionary Stage : Red Supergiant","Red supergiants"
"Milky Way : Star : Evolutionary Stage : Blue Supergiant","Blue supergiants"
"Milky Way : Star : Evolutionary Stage : White Dwarf","White dwarfs"
"Milky Way : Star : Evolutionary Stage : Supernova","Supernovae"
"Milky Way : Star : Evolutionary Stage : Neutron Star","Neutron stars"
"Milky Way : Star : Evolutionary Stage : Neutron Star : Pulsar","Pulsars"
"Milky Way : Star : Evolutionary Stage : Neutron Star : Magnetar","Magnetars"
"Milky Way : Star : Evolutionary Stage : Black Hole","Black holes"
"Milky Way : Star : Type : Variable","Variable stars"
"Milky Way : Star : Type : Variable : Pulsating","Pulsating variable stars"
"Milky Way : Star : Type : Variable : Irregular","Variable stars"
"Milky Way : Star : Type : Variable : Eclipsing","Eclipsing binary stars"
"Milky Way : Star : Type : Variable : Flare Star","Flare stars"
"Milky Way : Star : Type : Variable : Nova","Novae"
"Milky Way : Star : Type : Variable : X-Ray Binary (Star)","Variable stars"
"Milky Way : Star : Type : Carbon","C stars"
"Milky Way : Star : Type : Brown Dwarf","Brown dwarfs"
"Milky Way : Star : Type : Wolf-Rayet","Wolf-Rayet stars"
"Milky Way : Star : Type : Blue Straggler","Blue stragglers"
"Milky Way : Star : Type : Exotic","Exotic stars"
"Milky Way : Star : Type : Exotic : X-Ray Binary","Exotic stars"
"Milky Way : Star : Spectral Type : O","O stars"
"Milky Way : Star : Spectral Type : B","B stars"
"Milky Way : Star : Spectral Type : A","A stars"
"Milky Way : Star : Spectral Type : F","F stars"
"Milky Way : Star : Spectral Type : G","G stars"
"Milky Way : Star : Spectral Type : K","K stars"
"Milky Way : Star : Spectral Type : M","M stars"
"Milky Way : Star : Spectral Type : L","L stars"
"Milky Way : Star : Spectral Type : T","T stars"
"Milky Way : Star : Population : I","Stellar populations"
"Milky Way : Star : Population : II","Stellar populations"
"Milky Way : Star : Population : III","Stellar populations"
"Milky Way : Star : Feature : Photosphere","Photosphere"
"Milky Way : Star : Feature : Photosphere : Granulation","Granules (solar physics)"
"Milky Way : Star : Feature : Photosphere : Sunspot","Sunspots"
"Milky Way : Star : Feature : Chromosphere","Chromosphere"
"Milky Way : Star : Feature : Chromosphere : Flare","Solar flares"
"Milky Way : Star : Feature : Chromosphere : Facula","Solar faculae"
"Milky Way : Star : Feature : Corona","Solar corona"
"Milky Way : Star : Feature : Corona : Prominence","Prominence"
"Milky Way : Star : Grouping : Binary","Binary stars"
"Milky Way : Star : Grouping : Triple","Triple star systems"
"Milky Way : Star : Grouping : Multiple","Multiple star systems"
"Milky Way : Star : Grouping : Cluster","Star clusters"
"Milky Way : Star : Grouping : Cluster : Open","Open clusters"
"Milky Way : Star : Grouping : Cluster : Globular","Globular clusters"
"Milky Way : Star : Circumstellar Material","Circumstellar envelope"
"Milky Way : Star : Circumstellar Material : Planetary System","Planetary systems"
"Milky Way : Star : Circumstellar Material : Disk","Circumstellar discs"
"Milky Way : Star : Circumstellar Material : Disk : Protoplanetary","Protoplanetary disks"
"Milky Way : Star : Circumstellar Material : Disk : Accretion","Accretion disks"
"Milky Way : Star : Circumstellar Material : Disk : Debris","Debris disks"
"Milky Way : Star : Circumstellar Material : Outflow","Stellar outflow"
"Milky Way : Star : Circumstellar Material : Outflow : Solar Wind","Stellar wind"
"Milky Way : Star : Circumstellar Material : Outflow : Coronal Mass Ejection","Coronal mass ejection"
"Milky Way : Nebula","Nebulae"
"Milky Way : Nebula : Type : Interstellar Medium","Interstellar medium"
"Milky Way : Nebula : Type : Star Formation","Star formation"
"Milky Way : Nebula : Type : Planetary","Planetary nebulae"
"Milky Way : Nebula : Type : Supernova Remnant","Supernova remnants"
"Milky Way : Nebula : Type : Jet","Astrophysical jets"
"Milky Way : Nebula : Appearance : Emission","Emission nebulae"
"Milky Way : Nebula : Appearance : Emission : H II Region","H II regions"
"Milky Way : Nebula : Appearance : Reflection","Reflection nebulae"
"Milky Way : Nebula : Appearance : Reflection : Light Echo","Light echo"
"Milky Way : Nebula : Appearance : Dark","Dark nebulae"
"Milky Way : Nebula : Appearance : Dark : Molecular Cloud","Molecular clouds"
"Milky Way : Nebula : Appearance : Dark : Bok Globule","Bok globules"
"Milky Way : Nebula : Appearance : Dark : Proplyd","Proplyds"
"Milky Way : Galaxy","Galaxies"
"Milky Way : Galaxy : Type : Spiral","Spiral galaxies"
"Milky Way : Galaxy : Type : Barred","Barred spiral galaxies"
"Milky Way : Galaxy : Type : Lenticular","Lenticular galaxies"
"Milky Way : Galaxy : Type : Elliptical","Elliptical galaxies"
"Milky Way : Galaxy : Type : Ring","Ring galaxies"
"Milky Way : Galaxy : Type : Irregular","Irregular galaxies"
"Milky Way : Galaxy : Type : Interacting","Interacting galaxies"
"Milky Way : Galaxy : Type : Gravitationally Lensed","Gravitational lensing"
"Milky Way : Galaxy : Size : Giant","Galaxies"
"Milky Way : Galaxy : Size : Dwarf","Dwarf galaxies"
"Milky Way : Galaxy : Activity : Normal","Galaxies"
"Milky Way : Galaxy : Activity : AGN","Active galactic nuclei"
"Milky Way : Galaxy : Activity : AGN : Quasar","Quasars"
"Milky Way : Galaxy : Activity : AGN : Seyfert","Seyfert galaxies"
"Milky Way : Galaxy : Activity : AGN : Blazar","Blazars"
"Milky Way : Galaxy : Activity : AGN : Liner","LINERs"
"Milky Way : Galaxy : Activity : Starburst","Starburst galaxies"
"Milky Way : Galaxy : Activity : Ultraluminous","Ultraluminous X-ray source"
"Milky Way : Galaxy : Component : Bulge","Bulges"
"Milky Way : Galaxy : Component : Bar","Barred spiral galaxies"
"Milky Way : Galaxy : Component : Disk","Spiral galaxies"
"Milky Way : Galaxy : Component : Halo","Galactic halos"
"Milky Way : Galaxy : Component : Ring","Ring galaxies"
"Milky Way : Galaxy : Component : Central Black Hole","Black holes"
"Milky Way : Galaxy : Component : Spiral Arm","Spiral galaxies"
"Milky Way : Galaxy : Component : Dust Lane","Dust lanes"
"Milky Way : Galaxy : Component : Center/Core","Galactic Center"
"Milky Way : Galaxy : Grouping : Pair","Galaxy groups"
"Milky Way : Galaxy : Grouping : Multiple","Galaxy groups"
"Milky Way : Galaxy : Grouping : Cluster","Galaxy clusters"
"Milky Way : Galaxy : Grouping : Supercluster","Superclusters of galaxies"
"Milky Way : Cosmology","Cosmology"
"Milky Way : Cosmology : Morphology : Deep Field","Deep fields"
"Milky Way : Cosmology : Morphology : Large-Scale Structure","Large-scale structure of the cosmos"
"Milky Way : Cosmology : Morphology : Cosmic Background","Cosmic microwave background"
"Milky Way : Cosmology : Phenomenon : Lensing","Gravitational lensing"
"Milky Way : Cosmology : Phenomenon : Gamma Ray Burst","Gamma ray bursts"
"Milky Way : Cosmology : Phenomenon : Dark Matter","Dark matter"
"Milky Way : Sky Phenomenon","Sky"
"Milky Way : Sky Phenomenon : Night Sky","Night sky"
"Milky Way : Sky Phenomenon : Night Sky : Constellation","Constellations"
"Milky Way : Sky Phenomenon : Night Sky : Asterism","Asterisms (astronomy)"
"Milky Way : Sky Phenomenon : Night Sky : Milky Way","Milky Way Galaxy"
"Milky Way : Sky Phenomenon : Night Sky : Trail","Light trails"
"Milky Way : Sky Phenomenon : Night Sky : Trail : Meteor","Meteor trails"
"Milky Way : Sky Phenomenon : Night Sky : Trail : Star","Star trails"
"Milky Way : Sky Phenomenon : Night Sky : Trail : Satellite","Satellite trails"
"Milky Way : Sky Phenomenon : Night Sky : Zodiacal Light","Zodiacal light"
"Milky Way : Sky Phenomenon : Night Sky : Zodiacal Light : Gegenschein","Gegenschein"
"Milky Way : Sky Phenomenon : Night Sky : Night glow","Skyglow"
"Milky Way : Sky Phenomenon : Eclipse","Eclipse"
"Milky Way : Sky Phenomenon : Eclipse : Solar","Solar eclipses"
"Milky Way : Sky Phenomenon : Eclipse : Solar : Total","Solar eclipses"
"Milky Way : Sky Phenomenon : Eclipse : Solar : Partial","Solar eclipses"
"Milky Way : Sky Phenomenon : Eclipse : Solar : Annular","Solar eclipses"
"Milky Way : Sky Phenomenon : Eclipse : Lunar","Lunar eclipses"
"Milky Way : Sky Phenomenon : Eclipse : Lunar : Total","Lunar eclipses"
"Milky Way : Sky Phenomenon : Eclipse : Lunar : Partial","Lunar eclipses"
"Milky Way : Sky Phenomenon : Eclipse : Lunar : Penumbral","Lunar eclipses"
"Milky Way : Sky Phenomenon : Eclipse : Occultation","Occultation"
"Milky Way : Sky Phenomenon : Eclipse : Transit","Astronomical transits"
"Milky Way : Sky Phenomenon : Light Phenomenon","Atmospheric optical phenomena"
"Milky Way : Sky Phenomenon : Light Phenomenon : Sunrise-Sunset","Sunsets and sunrises"
"Milky Way : Sky Phenomenon : Light Phenomenon : Sunrise-Sunset : Green flash","Green flash phenomena"
"Milky Way : Sky Phenomenon : Light Phenomenon : Sunrise-Sunset : Refractive Distortion","Atmospheric seeing"
"Milky Way : Sky Phenomenon : Light Phenomenon : Sunrise-Sunset : Sun Pillar","Sun pillars"
"Milky Way : Sky Phenomenon : Light Phenomenon : Cloud","Clouds"
"Milky Way : Sky Phenomenon : Light Phenomenon : Cloud : Iridescent","Iridescent clouds"
"Milky Way : Sky Phenomenon : Light Phenomenon : Cloud : Noctilucent","Noctilucent clouds"
"Milky Way : Sky Phenomenon : Light Phenomenon : Cloud : Nacreous","Polar stratospheric clouds"
"Milky Way : Sky Phenomenon : Light Phenomenon : Cloud : Corona","Corona"
"Milky Way : Sky Phenomenon : Light Phenomenon : Cloud : Glory","Glories"
"Milky Way : Sky Phenomenon : Light Phenomenon : Rainbow","Rainbows"
"Milky Way : Sky Phenomenon : Light Phenomenon : Rainbow : Moonbow","Moonbows"
"Milky Way : Sky Phenomenon : Light Phenomenon : Rainbow : Fogbow","Fogbow"
"Milky Way : Sky Phenomenon : Light Phenomenon : Halo","Halo phenomena"
"Milky Way : Sky Phenomenon : Light Phenomenon : Halo : Circle","Halo phenomena"
"Milky Way : Sky Phenomenon : Light Phenomenon : Halo : Parhelia","Parhelia"
"Milky Way : Sky Phenomenon : Light Phenomenon : Halo : Arc","Halo phenomena"
"Milky Way : Sky Phenomenon : Light Phenomenon : Ray-Shadow","Shadows (atmospheric optics)"
"Milky Way : Sky Phenomenon : Light Phenomenon : Ray-Shadow : Crepuscular ray","Crepuscular rays"
"Milky Way : Sky Phenomenon : Light Phenomenon : Ray-Shadow : Anti-crepuscular ray","Anticrepuscular rays"
"Milky Way : Sky Phenomenon : Light Phenomenon : Ray-Shadow : Earth shadow","Earth's shadow"
"Milky Way : Sky Phenomenon : Light Phenomenon : Lightning","Lightning"
"Milky Way : Sky Phenomenon : Light Phenomenon : Aurora","Polar aurora"
"Milky Way : Technology","Scientific equipment"
"Milky Way : Technology : Observatory","Observatories"
"Milky Way : Technology : Observatory : Facility","Astronomical observatories"
"Milky Way : Technology : Observatory : Telescope","Telescopes"
"Milky Way : Technology : Observatory : Instrument","Astronomical instruments"
"Milky Way : Technology : Observatory : Detector","Astronomical instruments"
"Milky Way : Technology : Spacecraft","Spacecraft"
"Milky Way : Technology : Spacecraft : Orbiter","Orbiters (spacecraft)"
"Milky Way : Technology : Spacecraft : Probe","Space probes"
"Milky Way : Technology : Spacecraft : Lander","Landers (spacecraft)"
"Milky Way : Technology : Spacecraft : Manned","Manned spacecraft"
"Milky Way : Technology : Spacecraft : Launch Vehicle","Space launch vehicles"
"Milky Way : People","People"
"Milky Way : People : Scientist","Scientists"
"Milky Way : People : Astronaut","Astronauts"
"Milky Way : People : Other/General","People"
"Local Universe","Universe"
"Local Universe : Planet","Planets"
"Local Universe : Planet : Type : Terrestrial","Terrestrial Planet"
"Local Universe : Planet : Type : Gas Giant","Gas giants"
"Local Universe : Planet : Feature : Surface","Surface features of astronomical bodies"
"Local Universe : Planet : Feature : Surface : Mountain","Extraterrestrial mountains"
"Local Universe : Planet : Feature : Surface : Canyon","Extraterrestrial valleys and canyons"
"Local Universe : Planet : Feature : Surface : Volcanic","Extraterrestrial volcanoes"
"Local Universe : Planet : Feature : Surface : Impact","Impact craters"
"Local Universe : Planet : Feature : Surface : Erosion","Erosion"
"Local Universe : Planet : Feature : Surface : Liquid","Liquid"
"Local Universe : Planet : Feature : Surface : Ice","Ice"
"Local Universe : Planet : Feature : Atmosphere","Planetary atmospheres"
"Local Universe : Planet : Feature : Atmosphere : Cloud","Clouds"
"Local Universe : Planet : Feature : Atmosphere : Storm","Storms"
"Local Universe : Planet : Feature : Atmosphere : Aurora","Polar aurora"
"Local Universe : Planet : Special Cases : Transiting","Astronomical transits"
"Local Universe : Planet : Special Cases : Hot Jupiter","Hot Jupiters"
"Local Universe : Planet : Special Cases : Pulsar planet","Pulsar planets"
"Local Universe : Planet : Satellite","Natural satellites"
"Local Universe : Planet : Satellite : Feature : Surface","Surface features of moons"
"Local Universe : Planet : Satellite : Feature : Surface : Mountain","Extraterrestrial mountains"
"Local Universe : Planet : Satellite : Feature : Surface : Canyon","Extraterrestrial valleys and canyons"
"Local Universe : Planet : Satellite : Feature : Surface : Volcanic","Extraterrestrial volcanoes"
"Local Universe : Planet : Satellite : Feature : Surface : Impact","Impact craters on moons"
"Local Universe : Planet : Satellite : Feature : Surface : Erosion","Erosion"
"Local Universe : Planet : Satellite : Feature : Surface : Liquid","Liquid"
"Local Universe : Planet : Satellite : Feature : Surface : Ice","Ice"
"Local Universe : Planet : Satellite : Feature : Atmosphere","Planetary atmospheres"
"Local Universe : Planet : Ring","Planetary rings"
"Local Universe : Interplanetary Body","Astronomical objects"
"Local Universe : Interplanetary Body : Dwarf planet","Planets"
"Local Universe : Interplanetary Body : Comet","Comets"
"Local Universe : Interplanetary Body : Comet : Nucleus","Cometary nuclei"
"Local Universe : Interplanetary Body : Comet : Coma","Coma (cometary)"
"Local Universe : Interplanetary Body : Comet : Tail","Comet tail"
"Local Universe : Interplanetary Body : Comet : Tail : Dust","Comet tail"
"Local Universe : Interplanetary Body : Comet : Tail : Gas","Comet tail"
"Local Universe : Interplanetary Body : Asteroid","Asteroids"
"Local Universe : Interplanetary Body : Meteoroid","Meteoroids"
"Local Universe : Star","Stars"
"Local Universe : Star : Evolutionary Stage : Protostar","Protostars"
"Local Universe : Star : Evolutionary Stage : Young Stellar Object","Young stellar objects"
"Local Universe : Star : Evolutionary Stage : Main Sequence","Main sequence stars"
"Local Universe : Star : Evolutionary Stage : Red Giant","Red giants"
"Local Universe : Star : Evolutionary Stage : Red Supergiant","Red supergiants"
"Local Universe : Star : Evolutionary Stage : Blue Supergiant","Blue supergiants"
"Local Universe : Star : Evolutionary Stage : White Dwarf","White dwarfs"
"Local Universe : Star : Evolutionary Stage : Supernova","Supernovae"
"Local Universe : Star : Evolutionary Stage : Neutron Star","Neutron stars"
"Local Universe : Star : Evolutionary Stage : Neutron Star : Pulsar","Pulsars"
"Local Universe : Star : Evolutionary Stage : Neutron Star : Magnetar","Magnetars"
"Local Universe : Star : Evolutionary Stage : Black Hole","Black holes"
"Local Universe : Star : Type : Variable","Variable stars"
"Local Universe : Star : Type : Variable : Pulsating","Pulsating variable stars"
"Local Universe : Star : Type : Variable : Irregular","Variable stars"
"Local Universe : Star : Type : Variable : Eclipsing","Eclipsing binary stars"
"Local Universe : Star : Type : Variable : Flare Star","Flare stars"
"Local Universe : Star : Type : Variable : Nova","Novae"
"Local Universe : Star : Type : Variable : X-Ray Binary (Star)","Variable stars"
"Local Universe : Star : Type : Carbon","C stars"
"Local Universe : Star : Type : Brown Dwarf","Brown dwarfs"
"Local Universe : Star : Type : Wolf-Rayet","Wolf-Rayet stars"
"Local Universe : Star : Type : Blue Straggler","Blue stragglers"
"Local Universe : Star : Type : Exotic","Exotic stars"
"Local Universe : Star : Type : Exotic : X-Ray Binary","Exotic stars"
"Local Universe : Star : Spectral Type : O","O stars"
"Local Universe : Star : Spectral Type : B","B stars"
"Local Universe : Star : Spectral Type : A","A stars"
"Local Universe : Star : Spectral Type : F","F stars"
"Local Universe : Star : Spectral Type : G","G stars"
"Local Universe : Star : Spectral Type : K","K stars"
"Local Universe : Star : Spectral Type : M","M stars"
"Local Universe : Star : Spectral Type : L","L stars"
"Local Universe : Star : Spectral Type : T","T stars"
"Local Universe : Star : Population : I","Stellar populations"
"Local Universe : Star : Population : II","Stellar populations"
"Local Universe : Star : Population : III","Stellar populations"
"Local Universe : Star : Feature : Photosphere","Photosphere"
"Local Universe : Star : Feature : Photosphere : Granulation","Granules (solar physics)"
"Local Universe : Star : Feature : Photosphere : Sunspot","Sunspots"
"Local Universe : Star : Feature : Chromosphere","Chromosphere"
"Local Universe : Star : Feature : Chromosphere : Flare","Solar flares"
"Local Universe : Star : Feature : Chromosphere : Facula","Solar faculae"
"Local Universe : Star : Feature : Corona","Solar corona"
"Local Universe : Star : Feature : Corona : Prominence","Prominence"
"Local Universe : Star : Grouping : Binary","Binary stars"
"Local Universe : Star : Grouping : Triple","Triple star systems"
"Local Universe : Star : Grouping : Multiple","Multiple star systems"
"Local Universe : Star : Grouping : Cluster","Star clusters"
"Local Universe : Star : Grouping : Cluster : Open","Open clusters"
"Local Universe : Star : Grouping : Cluster : Globular","Globular clusters"
"Local Universe : Star : Circumstellar Material","Circumstellar envelope"
"Local Universe : Star : Circumstellar Material : Planetary System","Planetary systems"
"Local Universe : Star : Circumstellar Material : Disk","Circumstellar discs"
"Local Universe : Star : Circumstellar Material : Disk : Protoplanetary","Protoplanetary disks"
"Local Universe : Star : Circumstellar Material : Disk : Accretion","Accretion disks"
"Local Universe : Star : Circumstellar Material : Disk : Debris","Debris disks"
"Local Universe : Star : Circumstellar Material : Outflow","Stellar outflow"
"Local Universe : Star : Circumstellar Material : Outflow : Solar Wind","Stellar wind"
"Local Universe : Star : Circumstellar Material : Outflow : Coronal Mass Ejection","Coronal mass ejection"
"Local Universe : Nebula","Nebulae"
"Local Universe : Nebula : Type : Interstellar Medium","Interstellar medium"
"Local Universe : Nebula : Type : Star Formation","Star formation"
"Local Universe : Nebula : Type : Planetary","Planetary nebulae"
"Local Universe : Nebula : Type : Supernova Remnant","Supernova remnants"
"Local Universe : Nebula : Type : Jet","Astrophysical jets"
"Local Universe : Nebula : Appearance : Emission","Emission nebulae"
"Local Universe : Nebula : Appearance : Emission : H II Region","H II regions"
"Local Universe : Nebula : Appearance : Reflection","Reflection nebulae"
"Local Universe : Nebula : Appearance : Reflection : Light Echo","Light echo"
"Local Universe : Nebula : Appearance : Dark","Dark nebulae"
"Local Universe : Nebula : Appearance : Dark : Molecular Cloud","Molecular clouds"
"Local Universe : Nebula : Appearance : Dark : Bok Globule","Bok globules"
"Local Universe : Nebula : Appearance : Dark : Proplyd","Proplyds"
"Local Universe : Galaxy","Galaxies"
"Local Universe : Galaxy : Type : Spiral","Spiral galaxies"
"Local Universe : Galaxy : Type : Barred","Barred spiral galaxies"
"Local Universe : Galaxy : Type : Lenticular","Lenticular galaxies"
"Local Universe : Galaxy : Type : Elliptical","Elliptical galaxies"
"Local Universe : Galaxy : Type : Ring","Ring galaxies"
"Local Universe : Galaxy : Type : Irregular","Irregular galaxies"
"Local Universe : Galaxy : Type : Interacting","Interacting galaxies"
"Local Universe : Galaxy : Type : Gravitationally Lensed","Gravitational lensing"
"Local Universe : Galaxy : Size : Giant","Galaxies"
"Local Universe : Galaxy : Size : Dwarf","Dwarf galaxies"
"Local Universe : Galaxy : Activity : Normal","Galaxies"
"Local Universe : Galaxy : Activity : AGN","Active galactic nuclei"
"Local Universe : Galaxy : Activity : AGN : Quasar","Quasars"
"Local Universe : Galaxy : Activity : AGN : Seyfert","Seyfert galaxies"
"Local Universe : Galaxy : Activity : AGN : Blazar","Blazars"
"Local Universe : Galaxy : Activity : AGN : Liner","LINERs"
"Local Universe : Galaxy : Activity : Starburst","Starburst galaxies"
"Local Universe : Galaxy : Activity : Ultraluminous","Ultraluminous X-ray source"
"Local Universe : Galaxy : Component : Bulge","Bulges"
"Local Universe : Galaxy : Component : Bar","Barred spiral galaxies"
"Local Universe : Galaxy : Component : Disk","Spiral galaxies"
"Local Universe : Galaxy : Component : Halo","Galactic halos"
"Local Universe : Galaxy : Component : Ring","Ring galaxies"
"Local Universe : Galaxy : Component : Central Black Hole","Black holes"
"Local Universe : Galaxy : Component : Spiral Arm","Spiral galaxies"
"Local Universe : Galaxy : Component : Dust Lane","Dust lanes"
"Local Universe : Galaxy : Component : Center/Core","Active galactic nuclei"
"Local Universe : Galaxy : Grouping : Pair","Galaxy groups"
"Local Universe : Galaxy : Grouping : Multiple","Galaxy groups"
"Local Universe : Galaxy : Grouping : Cluster","Galaxy clusters"
"Local Universe : Galaxy : Grouping : Supercluster","Superclusters of galaxies"
"Local Universe : Cosmology","Cosmology"
"Local Universe : Cosmology : Morphology : Deep Field","Deep fields"
"Local Universe : Cosmology : Morphology : Large-Scale Structure","Large-scale structure of the cosmos"
"Local Universe : Cosmology : Morphology : Cosmic Background","Cosmic microwave background"
"Local Universe : Cosmology : Phenomenon : Lensing","Gravitational lensing"
"Local Universe : Cosmology : Phenomenon : Gamma Ray Burst","Gamma ray bursts"
"Local Universe : Cosmology : Phenomenon : Dark Matter","Dark matter"
"Local Universe : Sky Phenomenon","Sky"
"Local Universe : Sky Phenomenon : Night Sky","Night sky"
"Local Universe : Sky Phenomenon : Night Sky : Constellation","Constellations"
"Local Universe : Sky Phenomenon : Night Sky : Asterism","Asterisms (astronomy)"
"Local Universe : Sky Phenomenon : Night Sky : Milky Way","Milky Way Galaxy"
"Local Universe : Sky Phenomenon : Night Sky : Trail","Light trails"
"Local Universe : Sky Phenomenon : Night Sky : Trail : Meteor","Meteor trails"
"Local Universe : Sky Phenomenon : Night Sky : Trail : Star","Star trails"
"Local Universe : Sky Phenomenon : Night Sky : Trail : Satellite","Satellite trails"
"Local Universe : Sky Phenomenon : Night Sky : Zodiacal Light","Zodiacal light"
"Local Universe : Sky Phenomenon : Night Sky : Zodiacal Light : Gegenschein","Gegenschein"
"Local Universe : Sky Phenomenon : Night Sky : Night glow","Skyglow"
"Local Universe : Sky Phenomenon : Eclipse","Eclipse"
"Local Universe : Sky Phenomenon : Eclipse : Solar","Solar eclipses"
"Local Universe : Sky Phenomenon : Eclipse : Solar : Total","Solar eclipses"
"Local Universe : Sky Phenomenon : Eclipse : Solar : Partial","Solar eclipses"
"Local Universe : Sky Phenomenon : Eclipse : Solar : Annular","Solar eclipses"
"Local Universe : Sky Phenomenon : Eclipse : Lunar","Lunar eclipses"
"Local Universe : Sky Phenomenon : Eclipse : Lunar : Total","Lunar eclipses"
"Local Universe : Sky Phenomenon : Eclipse : Lunar : Partial","Lunar eclipses"
"Local Universe : Sky Phenomenon : Eclipse : Lunar : Penumbral","Lunar eclipses"
"Local Universe : Sky Phenomenon : Eclipse : Occultation","Occultation"
"Local Universe : Sky Phenomenon : Eclipse : Transit","Astronomical transits"
"Local Universe : Sky Phenomenon : Light Phenomenon","Atmospheric optical phenomena"
"Local Universe : Sky Phenomenon : Light Phenomenon : Sunrise-Sunset","Sunsets and sunrises"
"Local Universe : Sky Phenomenon : Light Phenomenon : Sunrise-Sunset : Green flash","Green flash phenomena"
"Local Universe : Sky Phenomenon : Light Phenomenon : Sunrise-Sunset : Refractive Distortion","Atmospheric seeing"
"Local Universe : Sky Phenomenon : Light Phenomenon : Sunrise-Sunset : Sun Pillar","Sun pillars"
"Local Universe : Sky Phenomenon : Light Phenomenon : Cloud","Clouds"
"Local Universe : Sky Phenomenon : Light Phenomenon : Cloud : Iridescent","Iridescent clouds"
"Local Universe : Sky Phenomenon : Light Phenomenon : Cloud : Noctilucent","Noctilucent clouds"
"Local Universe : Sky Phenomenon : Light Phenomenon : Cloud : Nacreous","Polar stratospheric clouds"
"Local Universe : Sky Phenomenon : Light Phenomenon : Cloud : Corona","Corona"
"Local Universe : Sky Phenomenon : Light Phenomenon : Cloud : Glory","Glories"
"Local Universe : Sky Phenomenon : Light Phenomenon : Rainbow","Rainbows"
"Local Universe : Sky Phenomenon : Light Phenomenon : Rainbow : Moonbow","Moonbows"
"Local Universe : Sky Phenomenon : Light Phenomenon : Rainbow : Fogbow","Fogbow"
"Local Universe : Sky Phenomenon : Light Phenomenon : Halo","Halo phenomena"
"Local Universe : Sky Phenomenon : Light Phenomenon : Halo : Circle","Halo phenomena"
"Local Universe : Sky Phenomenon : Light Phenomenon : Halo : Parhelia","Parhelia"
"Local Universe : Sky Phenomenon : Light Phenomenon : Halo : Arc","Halo phenomena"
"Local Universe : Sky Phenomenon : Light Phenomenon : Ray-Shadow","Shadows (atmospheric optics)"
"Local Universe : Sky Phenomenon : Light Phenomenon : Ray-Shadow : Crepuscular ray","Crepuscular rays"
"Local Universe : Sky Phenomenon : Light Phenomenon : Ray-Shadow : Anti-crepuscular ray","Anticrepuscular rays"
"Local Universe : Sky Phenomenon : Light Phenomenon : Ray-Shadow : Earth shadow","Earth's shadow"
"Local Universe : Sky Phenomenon : Light Phenomenon : Lightning","Lightning"
"Local Universe : Sky Phenomenon : Light Phenomenon : Aurora","Polar aurora"
"Local Universe : Technology","Scientific equipment"
"Local Universe : Technology : Observatory","Observatories"
"Local Universe : Technology : Observatory : Facility","Astronomical observatories"
"Local Universe : Technology : Observatory : Telescope","Telescopes"
"Local Universe : Technology : Observatory : Instrument","Astronomical instruments"
"Local Universe : Technology : Observatory : Detector","Astronomical instruments"
"Local Universe : Technology : Spacecraft","Spacecraft"
"Local Universe : Technology : Spacecraft : Orbiter","Orbiters (spacecraft)"
"Local Universe : Technology : Spacecraft : Probe","Space probes"
"Local Universe : Technology : Spacecraft : Lander","Landers (spacecraft)"
"Local Universe : Technology : Spacecraft : Manned","Manned spacecraft"
"Local Universe : Technology : Spacecraft : Launch Vehicle","Space launch vehicles"
"Local Universe : People","People"
"Local Universe : People : Scientist","Scientists"
"Local Universe : People : Astronaut","Astronauts"
"Local Universe : People : Other/General","People"
"Early Universe","Universe"
"Early Universe : Planet","Planets"
"Early Universe : Planet : Type : Terrestrial","Terrestrial Planet"
"Early Universe : Planet : Type : Gas Giant","Gas giants"
"Early Universe : Planet : Feature : Surface","Surface features of astronomical bodies"
"Early Universe : Planet : Feature : Surface : Mountain","Extraterrestrial mountains"
"Early Universe : Planet : Feature : Surface : Canyon","Extraterrestrial valleys and canyons"
"Early Universe : Planet : Feature : Surface : Volcanic","Extraterrestrial volcanoes"
"Early Universe : Planet : Feature : Surface : Impact","Impact craters"
"Early Universe : Planet : Feature : Surface : Erosion","Erosion"
"Early Universe : Planet : Feature : Surface : Liquid","Liquid"
"Early Universe : Planet : Feature : Surface : Ice","Ice"
"Early Universe : Planet : Feature : Atmosphere","Planetary atmospheres"
"Early Universe : Planet : Feature : Atmosphere : Cloud","Clouds"
"Early Universe : Planet : Feature : Atmosphere : Storm","Storms"
"Early Universe : Planet : Feature : Atmosphere : Aurora","Polar aurora"
"Early Universe : Planet : Special Cases : Transiting","Astronomical transits"
"Early Universe : Planet : Special Cases : Hot Jupiter","Hot Jupiters"
"Early Universe : Planet : Special Cases : Pulsar planet","Pulsar planets"
"Early Universe : Planet : Satellite","Natural satellites"
"Early Universe : Planet : Satellite : Feature : Surface","Surface features of astronomical bodies"
"Early Universe : Planet : Satellite : Feature : Surface : Mountain","Extraterrestrial mountains"
"Early Universe : Planet : Satellite : Feature : Surface : Canyon","Extraterrestrial valleys and canyons"
"Early Universe : Planet : Satellite : Feature : Surface : Volcanic","Extraterrestrial volcanoes"
"Early Universe : Planet : Satellite : Feature : Surface : Impact","Impact craters on moons"
"Early Universe : Planet : Satellite : Feature : Surface : Erosion","Erosion"
"Early Universe : Planet : Satellite : Feature : Surface : Liquid","Liquid"
"Early Universe : Planet : Satellite : Feature : Surface : Ice","Ice"
"Early Universe : Planet : Satellite : Feature : Atmosphere","Planetary atmospheres"
"Early Universe : Planet : Ring","Planetary rings"
"Early Universe : Interplanetary Body","Astronomical objects"
"Early Universe : Interplanetary Body : Dwarf planet","Planets"
"Early Universe : Interplanetary Body : Comet","Comets"
"Early Universe : Interplanetary Body : Comet : Nucleus","Cometary nuclei"
"Early Universe : Interplanetary Body : Comet : Coma","Coma (cometary)"
"Early Universe : Interplanetary Body : Comet : Tail","Comet tail"
"Early Universe : Interplanetary Body : Comet : Tail : Dust","Comet tail"
"Early Universe : Interplanetary Body : Comet : Tail : Gas","Comet tail"
"Early Universe : Interplanetary Body : Asteroid","Asteroids"
"Early Universe : Interplanetary Body : Meteoroid","Meteoroids"
"Early Universe : Star","Stars"
"Early Universe : Star : Evolutionary Stage : Protostar","Protostars"
"Early Universe : Star : Evolutionary Stage : Young Stellar Object","Young stellar objects"
"Early Universe : Star : Evolutionary Stage : Main Sequence","Main sequence stars"
"Early Universe : Star : Evolutionary Stage : Red Giant","Red giants"
"Early Universe : Star : Evolutionary Stage : Red Supergiant","Red supergiants"
"Early Universe : Star : Evolutionary Stage : Blue Supergiant","Blue supergiants"
"Early Universe : Star : Evolutionary Stage : White Dwarf","White dwarfs"
"Early Universe : Star : Evolutionary Stage : Supernova","Supernovae"
"Early Universe : Star : Evolutionary Stage : Neutron Star","Neutron stars"
"Early Universe : Star : Evolutionary Stage : Neutron Star : Pulsar","Pulsars"
"Early Universe : Star : Evolutionary Stage : Neutron Star : Magnetar","Magnetars"
"Early Universe : Star : Evolutionary Stage : Black Hole","Black holes"
"Early Universe : Star : Type : Variable","Variable stars"
"Early Universe : Star : Type : Variable : Pulsating","Pulsating variable stars"
"Early Universe : Star : Type : Variable : Irregular","Variable stars"
"Early Universe : Star : Type : Variable : Eclipsing","Eclipsing binary stars"
"Early Universe : Star : Type : Variable : Flare Star","Flare stars"
"Early Universe : Star : Type : Variable : Nova","Novae"
"Early Universe : Star : Type : Variable : X-Ray Binary (Star)","Variable stars"
"Early Universe : Star : Type : Carbon","C stars"
"Early Universe : Star : Type : Brown Dwarf","Brown dwarfs"
"Early Universe : Star : Type : Wolf-Rayet","Wolf-Rayet stars"
"Early Universe : Star : Type : Blue Straggler","Blue stragglers"
"Early Universe : Star : Type : Exotic","Exotic stars"
"Early Universe : Star : Type : Exotic : X-Ray Binary","Exotic stars"
"Early Universe : Star : Spectral Type : O","O stars"
"Early Universe : Star : Spectral Type : B","B stars"
"Early Universe : Star : Spectral Type : A","A stars"
"Early Universe : Star : Spectral Type : F","F stars"
"Early Universe : Star : Spectral Type : G","G stars"
"Early Universe : Star : Spectral Type : K","K stars"
"Early Universe : Star : Spectral Type : M","M stars"
"Early Universe : Star : Spectral Type : L","L stars"
"Early Universe : Star : Spectral Type : T","T stars"
"Early Universe : Star : Population : I","Stellar populations"
"Early Universe : Star : Population : II","Stellar populations"
"Early Universe : Star : Population : III","Stellar populations"
"Early Universe : Star : Feature : Photosphere","Photosphere"
"Early Universe : Star : Feature : Photosphere : Granulation","Granules (solar physics)"
"Early Universe : Star : Feature : Photosphere : Sunspot","Sunspots"
"Early Universe : Star : Feature : Chromosphere","Chromosphere"
"Early Universe : Star : Feature : Chromosphere : Flare","Solar flares"
"Early Universe : Star : Feature : Chromosphere : Facula","Solar faculae"
"Early Universe : Star : Feature : Corona","Solar corona"
"Early Universe : Star : Feature : Corona : Prominence","Prominence"
"Early Universe : Star : Grouping : Binary","Binary stars"
"Early Universe : Star : Grouping : Triple","Triple star systems"
"Early Universe : Star : Grouping : Multiple","Multiple star systems"
"Early Universe : Star : Grouping : Cluster","Star clusters"
"Early Universe : Star : Grouping : Cluster : Open","Open clusters"
"Early Universe : Star : Grouping : Cluster : Globular","Globular clusters"
"Early Universe : Star : Circumstellar Material","Circumstellar envelope"
"Early Universe : Star : Circumstellar Material : Planetary System","Planetary systems"
"Early Universe : Star : Circumstellar Material : Disk","Circumstellar discs"
"Early Universe : Star : Circumstellar Material : Disk : Protoplanetary","Protoplanetary disks"
"Early Universe : Star : Circumstellar Material : Disk : Accretion","Accretion disks"
"Early Universe : Star : Circumstellar Material : Disk : Debris","Debris disks"
"Early Universe : Star : Circumstellar Material : Outflow","Stellar outflow"
"Early Universe : Star : Circumstellar Material : Outflow : Solar Wind","Stellar wind"
"Early Universe : Star : Circumstellar Material : Outflow : Coronal Mass Ejection","Coronal mass ejection"
"Early Universe : Nebula","Nebulae"
"Early Universe : Nebula : Type : Interstellar Medium","Interstellar medium"
"Early Universe : Nebula : Type : Star Formation","Star formation"
"Early Universe : Nebula : Type : Planetary","Planetary nebulae"
"Early Universe : Nebula : Type : Supernova Remnant","Supernova remnants"
"Early Universe : Nebula : Type : Jet","Astrophysical jets"
"Early Universe : Nebula : Appearance : Emission","Emission nebulae"
"Early Universe : Nebula : Appearance : Emission : H II Region","H II regions"
"Early Universe : Nebula : Appearance : Reflection","Reflection nebulae"
"Early Universe : Nebula : Appearance : Reflection : Light Echo","Light echo"
"Early Universe : Nebula : Appearance : Dark","Dark nebulae"
"Early Universe : Nebula : Appearance : Dark : Molecular Cloud","Molecular clouds"
"Early Universe : Nebula : Appearance : Dark : Bok Globule","Bok globules"
"Early Universe : Nebula : Appearance : Dark : Proplyd","Proplyds"
"Early Universe : Galaxy","Galaxies"
"Early Universe : Galaxy : Type : Spiral","Spiral galaxies"
"Early Universe : Galaxy : Type : Barred","Barred spiral galaxies"
"Early Universe : Galaxy : Type : Lenticular","Lenticular galaxies"
"Early Universe : Galaxy : Type : Elliptical","Elliptical galaxies"
"Early Universe : Galaxy : Type : Ring","Ring galaxies"
"Early Universe : Galaxy : Type : Irregular","Irregular galaxies"
"Early Universe : Galaxy : Type : Interacting","Interacting galaxies"
"Early Universe : Galaxy : Type : Gravitationally Lensed","Gravitational lensing"
"Early Universe : Galaxy : Size : Giant","Galaxies"
"Early Universe : Galaxy : Size : Dwarf","Dwarf galaxies"
"Early Universe : Galaxy : Activity : Normal","Galaxies"
"Early Universe : Galaxy : Activity : AGN","Active galactic nuclei"
"Early Universe : Galaxy : Activity : AGN : Quasar","Quasars"
"Early Universe : Galaxy : Activity : AGN : Seyfert","Seyfert galaxies"
"Early Universe : Galaxy : Activity : AGN : Blazar","Blazars"
"Early Universe : Galaxy : Activity : AGN : Liner","LINERs"
"Early Universe : Galaxy : Activity : Starburst","Starburst galaxies"
"Early Universe : Galaxy : Activity : Ultraluminous","Ultraluminous X-ray source"
"Early Universe : Galaxy : Component : Bulge","Bulges"
"Early Universe : Galaxy : Component : Bar","Barred spiral galaxies"
"Early Universe : Galaxy : Component : Disk","Spiral galaxies"
"Early Universe : Galaxy : Component : Halo","Galactic halos"
"Early Universe : Galaxy : Component : Ring","Ring galaxies"
"Early Universe : Galaxy : Component : Central Black Hole","Black holes"
"Early Universe : Galaxy : Component : Spiral Arm","Spiral galaxies"
"Early Universe : Galaxy : Component : Dust Lane","Dust lanes"
"Early Universe : Galaxy : Component : Center/Core","Active galactic nuclei"
"Early Universe : Galaxy : Grouping : Pair","Galaxy groups"
"Early Universe : Galaxy : Grouping : Multiple","Galaxy groups"
"Early Universe : Galaxy : Grouping : Cluster","Galaxy clusters"
"Early Universe : Galaxy : Grouping : Supercluster","Superclusters of galaxies"
"Early Universe : Cosmology","Cosmology"
"Early Universe : Cosmology : Morphology : Deep Field","Deep fields"
"Early Universe : Cosmology : Morphology : Large-Scale Structure","Large-scale structure of the cosmos"
"Early Universe : Cosmology : Morphology : Cosmic Background","Cosmic microwave background"
"Early Universe : Cosmology : Phenomenon : Lensing","Gravitational lensing"
"Early Universe : Cosmology : Phenomenon : Gamma Ray Burst","Gamma ray bursts"
"Early Universe : Cosmology : Phenomenon : Dark Matter","Dark matter"
"Early Universe : Sky Phenomenon","Sky"
"Early Universe : Sky Phenomenon : Night Sky","Night sky"
"Early Universe : Sky Phenomenon : Night Sky : Constellation","Constellations"
"Early Universe : Sky Phenomenon : Night Sky : Asterism","Asterisms (astronomy)"
"Early Universe : Sky Phenomenon : Night Sky : Milky Way","Milky Way Galaxy"
"Early Universe : Sky Phenomenon : Night Sky : Trail","Light trails"
"Early Universe : Sky Phenomenon : Night Sky : Trail : Meteor","Meteor trails"
"Early Universe : Sky Phenomenon : Night Sky : Trail : Star","Star trails"
"Early Universe : Sky Phenomenon : Night Sky : Trail : Satellite","Satellite trails"
"Early Universe : Sky Phenomenon : Night Sky : Zodiacal Light","Zodiacal light"
"Early Universe : Sky Phenomenon : Night Sky : Zodiacal Light : Gegenschein","Gegenschein"
"Early Universe : Sky Phenomenon : Night Sky : Night glow","Skyglow"
"Early Universe : Sky Phenomenon : Eclipse","Eclipse"
"Early Universe : Sky Phenomenon : Eclipse : Solar","Solar eclipses"
"Early Universe : Sky Phenomenon : Eclipse : Solar : Total","Solar eclipses"
"Early Universe : Sky Phenomenon : Eclipse : Solar : Partial","Solar eclipses"
"Early Universe : Sky Phenomenon : Eclipse : Solar : Annular","Solar eclipses"
"Early Universe : Sky Phenomenon : Eclipse : Lunar","Lunar eclipses"
"Early Universe : Sky Phenomenon : Eclipse : Lunar : Total","Lunar eclipses"
"Early Universe : Sky Phenomenon : Eclipse : Lunar : Partial","Lunar eclipses"
"Early Universe : Sky Phenomenon : Eclipse : Lunar : Penumbral","Lunar eclipses"
"Early Universe : Sky Phenomenon : Eclipse : Occultation","Occultation"
"Early Universe : Sky Phenomenon : Eclipse : Transit","Astronomical transits"
"Early Universe : Sky Phenomenon : Light Phenomenon","Atmospheric optical phenomena"
"Early Universe : Sky Phenomenon : Light Phenomenon : Sunrise-Sunset","Sunsets and sunrises"
"Early Universe : Sky Phenomenon : Light Phenomenon : Sunrise-Sunset : Green flash","Green flash phenomena"
"Early Universe : Sky Phenomenon : Light Phenomenon : Sunrise-Sunset : Refractive Distortion","Atmospheric seeing"
"Early Universe : Sky Phenomenon : Light Phenomenon : Sunrise-Sunset : Sun Pillar","Sun pillars"
"Early Universe : Sky Phenomenon : Light Phenomenon : Cloud","Clouds"
"Early Universe : Sky Phenomenon : Light Phenomenon : Cloud : Iridescent","Iridescent clouds"
"Early Universe : Sky Phenomenon : Light Phenomenon : Cloud : Noctilucent","Noctilucent clouds"
"Early Universe : Sky Phenomenon : Light Phenomenon : Cloud : Nacreous","Polar stratospheric clouds"
"Early Universe : Sky Phenomenon : Light Phenomenon : Cloud : Corona","Corona"
"Early Universe : Sky Phenomenon : Light Phenomenon : Cloud : Glory","Glories"
"Early Universe : Sky Phenomenon : Light Phenomenon : Rainbow","Rainbows"
"Early Universe : Sky Phenomenon : Light Phenomenon : Rainbow : Moonbow","Moonbows"
"Early Universe : Sky Phenomenon : Light Phenomenon : Rainbow : Fogbow","Fogbow"
"Early Universe : Sky Phenomenon : Light Phenomenon : Halo","Halo phenomena"
"Early Universe : Sky Phenomenon : Light Phenomenon : Halo : Circle","Halo phenomena"
"Early Universe : Sky Phenomenon : Light Phenomenon : Halo : Parhelia","Parhelia"
"Early Universe : Sky Phenomenon : Light Phenomenon : Halo : Arc","Halo phenomena"
"Early Universe : Sky Phenomenon : Light Phenomenon : Ray-Shadow","Shadows (atmospheric optics)"
"Early Universe : Sky Phenomenon : Light Phenomenon : Ray-Shadow : Crepuscular ray","Crepuscular rays"
"Early Universe : Sky Phenomenon : Light Phenomenon : Ray-Shadow : Anti-crepuscular ray","Anticrepuscular rays"
"Early Universe : Sky Phenomenon : Light Phenomenon : Ray-Shadow : Earth shadow","Earth's shadow"
"Early Universe : Sky Phenomenon : Light Phenomenon : Lightning","Lightning"
"Early Universe : Sky Phenomenon : Light Phenomenon : Aurora","Polar aurora"
"Early Universe : Technology","Scientific equipment"
"Early Universe : Technology : Observatory","Observatories"
"Early Universe : Technology : Observatory : Facility","Astronomical observatories"
"Early Universe : Technology : Observatory : Telescope","Telescopes"
"Early Universe : Technology : Observatory : Instrument","Astronomical instruments"
"Early Universe : Technology : Observatory : Detector","Astronomical instruments"
"Early Universe : Technology : Spacecraft","Spacecraft"
"Early Universe : Technology : Spacecraft : Orbiter","Orbiters (spacecraft)"
"Early Universe : Technology : Spacecraft : Probe","Space probes"
"Early Universe : Technology : Spacecraft : Lander","Landers (spacecraft)"
"Early Universe : Technology : Spacecraft : Manned","Manned spacecraft"
"Early Universe : Technology : Spacecraft : Launch Vehicle","Space launch vehicles"
"Early Universe : People","People"
"Early Universe : People : Scientist","Scientists"
"Early Universe : People : Astronaut","Astronauts"
"Early Universe : People : Other/General","People"
"Unspecified : Planet","Planets"
"Unspecified : Planet : Type : Terrestrial","Terrestrial Planet"
"Unspecified : Planet : Type : Gas Giant","Gas giants"
"Unspecified : Planet : Feature : Surface","Surface features of astronomical bodies"
"Unspecified : Planet : Feature : Surface : Mountain","Extraterrestrial mountains"
"Unspecified : Planet : Feature : Surface : Canyon","Extraterrestrial valleys and canyons"
"Unspecified : Planet : Feature : Surface : Volcanic","Extraterrestrial volcanoes"
"Unspecified : Planet : Feature : Surface : Impact","Impact craters"
"Unspecified : Planet : Feature : Surface : Erosion","Erosion"
"Unspecified : Planet : Feature : Surface : Liquid","Liquid"
"Unspecified : Planet : Feature : Surface : Ice","Ice"
"Unspecified : Planet : Feature : Atmosphere","Planetary atmospheres"
"Unspecified : Planet : Feature : Atmosphere : Cloud","Clouds"
"Unspecified : Planet : Feature : Atmosphere : Storm","Storms"
"Unspecified : Planet : Feature : Atmosphere : Aurora","Polar aurora"
"Unspecified : Planet : Special Cases : Transiting","Astronomical transits"
"Unspecified : Planet : Special Cases : Hot Jupiter","Hot Jupiters"
"Unspecified : Planet : Special Cases : Pulsar planet","Pulsar planets"
"Unspecified : Planet : Satellite","Natural satellites"
"Unspecified : Planet : Satellite : Feature : Surface","Surface features of astronomical bodies"
"Unspecified : Planet : Satellite : Feature : Surface : Mountain","Extraterrestrial mountains"
"Unspecified : Planet : Satellite : Feature : Surface : Canyon","Extraterrestrial valleys and canyons"
"Unspecified : Planet : Satellite : Feature : Surface : Volcanic","Extraterrestrial volcanoes"
"Unspecified : Planet : Satellite : Feature : Surface : Impact","Impact craters on moons"
"Unspecified : Planet : Satellite : Feature : Surface : Erosion","Erosion"
"Unspecified : Planet : Satellite : Feature : Surface : Liquid","Liquid"
"Unspecified : Planet : Satellite : Feature : Surface : Ice","Ice"
"Unspecified : Planet : Satellite : Feature : Atmosphere","Planetary atmospheres"
"Unspecified : Planet : Ring","Planetary rings"
"Unspecified : Interplanetary Body","Astronomical objects"
"Unspecified : Interplanetary Body : Dwarf planet","Planets"
"Unspecified : Interplanetary Body : Comet","Comets"
"Unspecified : Interplanetary Body : Comet : Nucleus","Cometary nuclei"
"Unspecified : Interplanetary Body : Comet : Coma","Coma (cometary)"
"Unspecified : Interplanetary Body : Comet : Tail","Comet tail"
"Unspecified : Interplanetary Body : Comet : Tail : Dust","Comet tail"
"Unspecified : Interplanetary Body : Comet : Tail : Gas","Comet tail"
"Unspecified : Interplanetary Body : Asteroid","Asteroids"
"Unspecified : Interplanetary Body : Meteoroid","Meteoroids"
"Unspecified : Star","Stars"
"Unspecified : Star : Evolutionary Stage : Protostar","Protostars"
"Unspecified : Star : Evolutionary Stage : Young Stellar Object","Young stellar objects"
"Unspecified : Star : Evolutionary Stage : Main Sequence","Main sequence stars"
"Unspecified : Star : Evolutionary Stage : Red Giant","Red giants"
"Unspecified : Star : Evolutionary Stage : Red Supergiant","Red supergiants"
"Unspecified : Star : Evolutionary Stage : Blue Supergiant","Blue supergiants"
"Unspecified : Star : Evolutionary Stage : White Dwarf","White dwarfs"
"Unspecified : Star : Evolutionary Stage : Supernova","Supernovae"
"Unspecified : Star : Evolutionary Stage : Neutron Star","Neutron stars"
"Unspecified : Star : Evolutionary Stage : Neutron Star : Pulsar","Pulsars"
"Unspecified : Star : Evolutionary Stage : Neutron Star : Magnetar","Magnetars"
"Unspecified : Star : Evolutionary Stage : Black Hole","Black holes"
"Unspecified : Star : Type : Variable","Variable stars"
"Unspecified : Star : Type : Variable : Pulsating","Pulsating variable stars"
"Unspecified : Star : Type : Variable : Irregular","Variable stars"
"Unspecified : Star : Type : Variable : Eclipsing","Eclipsing binary stars"
"Unspecified : Star : Type : Variable : Flare Star","Flare stars"
"Unspecified : Star : Type : Variable : Nova","Novae"
"Unspecified : Star : Type : Variable : X-Ray Binary (Star)","Variable stars"
"Unspecified : Star : Type : Carbon","C stars"
"Unspecified : Star : Type : Brown Dwarf","Brown dwarfs"
"Unspecified : Star : Type : Wolf-Rayet","Wolf-Rayet stars"
"Unspecified : Star : Type : Blue Straggler","Blue stragglers"
"Unspecified : Star : Type : Exotic","Exotic stars"
"Unspecified : Star : Type : Exotic : X-Ray Binary","Exotic stars"
"Unspecified : Star : Spectral Type : O","O stars"
"Unspecified : Star : Spectral Type : B","B stars"
"Unspecified : Star : Spectral Type : A","A stars"
"Unspecified : Star : Spectral Type : F","F stars"
"Unspecified : Star : Spectral Type : G","G stars"
"Unspecified : Star : Spectral Type : K","K stars"
"Unspecified : Star : Spectral Type : M","M stars"
"Unspecified : Star : Spectral Type : L","L stars"
"Unspecified : Star : Spectral Type : T","T stars"
"Unspecified : Star : Population : I","Stellar populations"
"Unspecified : Star : Population : II","Stellar populations"
"Unspecified : Star : Population : III","Stellar populations"
"Unspecified : Star : Feature : Photosphere","Photosphere"
"Unspecified : Star : Feature : Photosphere : Granulation","Granules (solar physics)"
"Unspecified : Star : Feature : Photosphere : Sunspot","Sunspots"
"Unspecified : Star : Feature : Chromosphere","Chromosphere"
"Unspecified : Star : Feature : Chromosphere : Flare","Solar flares"
"Unspecified : Star : Feature : Chromosphere : Facula","Solar faculae"
"Unspecified : Star : Feature : Corona","Solar corona"
"Unspecified : Star : Feature : Corona : Prominence","Prominence"
"Unspecified : Star : Grouping : Binary","Binary stars"
"Unspecified : Star : Grouping : Triple","Triple star systems"
"Unspecified : Star : Grouping : Multiple","Multiple star systems"
"Unspecified : Star : Grouping : Cluster","Star clusters"
"Unspecified : Star : Grouping : Cluster : Open","Open clusters"
"Unspecified : Star : Grouping : Cluster : Globular","Globular clusters"
"Unspecified : Star : Circumstellar Material","Circumstellar envelope"
"Unspecified : Star : Circumstellar Material : Planetary System","Planetary systems"
"Unspecified : Star : Circumstellar Material : Disk","Circumstellar discs"
"Unspecified : Star : Circumstellar Material : Disk : Protoplanetary","Protoplanetary disks"
"Unspecified : Star : Circumstellar Material : Disk : Accretion","Accretion disks"
"Unspecified : Star : Circumstellar Material : Disk : Debris","Debris disks"
"Unspecified : Star : Circumstellar Material : Outflow","Stellar outflow"
"Unspecified : Star : Circumstellar Material : Outflow : Solar Wind","Stellar wind"
"Unspecified : Star : Circumstellar Material : Outflow : Coronal Mass Ejection","Coronal mass ejection"
"Unspecified : Nebula","Nebulae"
"Unspecified : Nebula : Type : Interstellar Medium","Interstellar medium"
"Unspecified : Nebula : Type : Star Formation","Star formation"
"Unspecified : Nebula : Type : Planetary","Planetary nebulae"
"Unspecified : Nebula : Type : Supernova Remnant","Supernova remnants"
"Unspecified : Nebula : Type : Jet","Astrophysical jets"
"Unspecified : Nebula : Appearance : Emission","Emission nebulae"
"Unspecified : Nebula : Appearance : Emission : H II Region","H II regions"
"Unspecified : Nebula : Appearance : Reflection","Reflection nebulae"
"Unspecified : Nebula : Appearance : Reflection : Light Echo","Light echo"
"Unspecified : Nebula : Appearance : Dark","Dark nebulae"
"Unspecified : Nebula : Appearance : Dark : Molecular Cloud","Molecular clouds"
"Unspecified : Nebula : Appearance : Dark : Bok Globule","Bok globules"
"Unspecified : Nebula : Appearance : Dark : Proplyd","Proplyds"
"Unspecified : Galaxy","Galaxies"
"Unspecified : Galaxy : Type : Spiral","Spiral galaxies"
"Unspecified : Galaxy : Type : Barred","Barred spiral galaxies"
"Unspecified : Galaxy : Type : Lenticular","Lenticular galaxies"
"Unspecified : Galaxy : Type : Elliptical","Elliptical galaxies"
"Unspecified : Galaxy : Type : Ring","Ring galaxies"
"Unspecified : Galaxy : Type : Irregular","Irregular galaxies"
"Unspecified : Galaxy : Type : Interacting","Interacting galaxies"
"Unspecified : Galaxy : Type : Gravitationally Lensed","Gravitational lensing"
"Unspecified : Galaxy : Size : Giant","Galaxies"
"Unspecified : Galaxy : Size : Dwarf","Dwarf galaxies"
"Unspecified : Galaxy : Activity : Normal","Galaxies"
"Unspecified : Galaxy : Activity : AGN","Active galactic nuclei"
"Unspecified : Galaxy : Activity : AGN : Quasar","Quasars"
"Unspecified : Galaxy : Activity : AGN : Seyfert","Seyfert galaxies"
"Unspecified : Galaxy : Activity : AGN : Blazar","Blazars"
"Unspecified : Galaxy : Activity : AGN : Liner","LINERs"
"Unspecified : Galaxy : Activity : Starburst","Starburst galaxies"
"Unspecified : Galaxy : Activity : Ultraluminous","Ultraluminous X-ray source"
"Unspecified : Galaxy : Component : Bulge","Bulges"
"Unspecified : Galaxy : Component : Bar","Barred spiral galaxies"
"Unspecified : Galaxy : Component : Disk","Spiral galaxies"
"Unspecified : Galaxy : Component : Halo","Galactic halos"
"Unspecified : Galaxy : Component : Ring","Ring galaxies"
"Unspecified : Galaxy : Component : Central Black Hole","Black holes"
"Unspecified : Galaxy : Component : Spiral Arm","Spiral galaxies"
"Unspecified : Galaxy : Component : Dust Lane","Dust lanes"
"Unspecified : Galaxy : Component : Center/Core","Active galactic nuclei"
"Unspecified : Galaxy : Grouping : Pair","Galaxy groups"
"Unspecified : Galaxy : Grouping : Multiple","Galaxy groups"
"Unspecified : Galaxy : Grouping : Cluster","Galaxy clusters"
"Unspecified : Galaxy : Grouping : Supercluster","Superclusters of galaxies"
"Unspecified : Cosmology","Cosmology"
"Unspecified : Cosmology : Morphology : Deep Field","Deep fields"
"Unspecified : Cosmology : Morphology : Large-Scale Structure","Large-scale structure of the cosmos"
"Unspecified : Cosmology : Morphology : Cosmic Background","Cosmic microwave background"
"Unspecified : Cosmology : Phenomenon : Lensing","Gravitational lensing"
"Unspecified : Cosmology : Phenomenon : Gamma Ray Burst","Gamma ray bursts"
"Unspecified : Cosmology : Phenomenon : Dark Matter","Dark matter"
"Unspecified : Sky Phenomenon","Sky"
"Unspecified : Sky Phenomenon : Night Sky","Night sky"
"Unspecified : Sky Phenomenon : Night Sky : Constellation","Constellations"
"Unspecified : Sky Phenomenon : Night Sky : Asterism","Asterisms (astronomy)"
"Unspecified : Sky Phenomenon : Night Sky : Milky Way","Milky Way Galaxy"
"Unspecified : Sky Phenomenon : Night Sky : Trail","Light trails"
"Unspecified : Sky Phenomenon : Night Sky : Trail : Meteor","Meteor trails"
"Unspecified : Sky Phenomenon : Night Sky : Trail : Star","Star trails"
"Unspecified : Sky Phenomenon : Night Sky : Trail : Satellite","Satellite trails"
"Unspecified : Sky Phenomenon : Night Sky : Zodiacal Light","Zodiacal light"
"Unspecified : Sky Phenomenon : Night Sky : Zodiacal Light : Gegenschein","Gegenschein"
"Unspecified : Sky Phenomenon : Night Sky : Night glow","Skyglow"
"Unspecified : Sky Phenomenon : Eclipse","Eclipse"
"Unspecified : Sky Phenomenon : Eclipse : Solar","Solar eclipses"
"Unspecified : Sky Phenomenon : Eclipse : Solar : Total","Solar eclipses"
"Unspecified : Sky Phenomenon : Eclipse : Solar : Partial","Solar eclipses"
"Unspecified : Sky Phenomenon : Eclipse : Solar : Annular","Solar eclipses"
"Unspecified : Sky Phenomenon : Eclipse : Lunar","Lunar eclipses"
"Unspecified : Sky Phenomenon : Eclipse : Lunar : Total","Lunar eclipses"
"Unspecified : Sky Phenomenon : Eclipse : Lunar : Partial","Lunar eclipses"
"Unspecified : Sky Phenomenon : Eclipse : Lunar : Penumbral","Lunar eclipses"
"Unspecified : Sky Phenomenon : Eclipse : Occultation","Occultation"
"Unspecified : Sky Phenomenon : Eclipse : Transit","Astronomical transits"
"Unspecified : Sky Phenomenon : Light Phenomenon","Atmospheric optical phenomena"
"Unspecified : Sky Phenomenon : Light Phenomenon : Sunrise-Sunset","Sunsets and sunrises"
"Unspecified : Sky Phenomenon : Light Phenomenon : Sunrise-Sunset : Green flash","Green flash phenomena"
"Unspecified : Sky Phenomenon : Light Phenomenon : Sunrise-Sunset : Refractive Distortion","Atmospheric seeing"
"Unspecified : Sky Phenomenon : Light Phenomenon : Sunrise-Sunset : Sun Pillar","Sun pillars"
"Unspecified : Sky Phenomenon : Light Phenomenon : Cloud","Clouds"
"Unspecified : Sky Phenomenon : Light Phenomenon : Cloud : Iridescent","Iridescent clouds"
"Unspecified : Sky Phenomenon : Light Phenomenon : Cloud : Noctilucent","Noctilucent clouds"
"Unspecified : Sky Phenomenon : Light Phenomenon : Cloud : Nacreous","Polar stratospheric clouds"
"Unspecified : Sky Phenomenon : Light Phenomenon : Cloud : Corona","Corona"
"Unspecified : Sky Phenomenon : Light Phenomenon : Cloud : Glory","Glories"
"Unspecified : Sky Phenomenon : Light Phenomenon : Rainbow","Rainbows"
"Unspecified : Sky Phenomenon : Light Phenomenon : Rainbow : Moonbow","Moonbows"
"Unspecified : Sky Phenomenon : Light Phenomenon : Rainbow : Fogbow","Fogbow"
"Unspecified : Sky Phenomenon : Light Phenomenon : Halo","Halo phenomena"
"Unspecified : Sky Phenomenon : Light Phenomenon : Halo : Circle","Halo phenomena"
"Unspecified : Sky Phenomenon : Light Phenomenon : Halo : Parhelia","Parhelia"
"Unspecified : Sky Phenomenon : Light Phenomenon : Halo : Arc","Halo phenomena"
"Unspecified : Sky Phenomenon : Light Phenomenon : Ray-Shadow","Shadows (atmospheric optics)"
"Unspecified : Sky Phenomenon : Light Phenomenon : Ray-Shadow : Crepuscular ray","Crepuscular rays"
"Unspecified : Sky Phenomenon : Light Phenomenon : Ray-Shadow : Anti-crepuscular ray","Anticrepuscular rays"
"Unspecified : Sky Phenomenon : Light Phenomenon : Ray-Shadow : Earth shadow","Earth's shadow"
"Unspecified : Sky Phenomenon : Light Phenomenon : Lightning","Lightning"
"Unspecified : Sky Phenomenon : Light Phenomenon : Aurora","Polar aurora"
"Unspecified : Technology","Scientific equipment"
"Unspecified : Technology : Observatory","Observatories"
"Unspecified : Technology : Observatory : Facility","Astronomical observatories"
"Unspecified : Technology : Observatory : Telescope","Telescopes"
"Unspecified : Technology : Observatory : Instrument","Astronomical instruments"
"Unspecified : Technology : Observatory : Detector","Astronomical instruments"
"Unspecified : Technology : Spacecraft","Spacecraft"
"Unspecified : Technology : Spacecraft : Orbiter","Orbiters (spacecraft)"
"Unspecified : Technology : Spacecraft : Probe","Space probes"
"Unspecified : Technology : Spacecraft : Lander","Landers (spacecraft)"
"Unspecified : Technology : Spacecraft : Manned","Manned spacecraft"
"Unspecified : Technology : Spacecraft : Launch Vehicle","Space launch vehicles"
"Unspecified : People : Scientist","Scientists"
"Unspecified : People : Astronaut","Astronauts"
