"NASA keyword","Commons Categories"
"Akihiko Hoshide","Hoshide Akihiko"
"Artemis I","Artemis 1"
"Artemis II","Artemis 2"
"Artemis III","Artemis 3"
"Artemis IV","Artemis 4"
"Artemis V","Artemis 5"
"Artemis VI","Artemis 6"
"Barry Wilmore","Barry Wilmore"
"Bill Nelson","Bill Nelson"
"Bob Cabana","Robert D. Cabana"
"Bob Hines","Robert Hines"
"Charlie Blackwell-Thompson","Charlie Blackwell-Thompson"
"Colleen Hartman","Colleen Hartman"
"Crew-1","SpaceX Crew-1"
"Crew-2","SpaceX Crew-2"
"Crew-3","SpaceX Crew-3"
"Crew-4","SpaceX Crew-4"
"Crew-5","SpaceX Crew-5"
"Crew-6","SpaceX Crew-6"
"Crew-7","SpaceX Crew-7"
"Crew-8","SpaceX Crew-8"
"Crew-9","SpaceX Crew-9"
"Crew-10","SpaceX Crew-10"
"Crew-11","SpaceX Crew-11"
"Crew-12","SpaceX Crew-12"
"Crew-13","SpaceX Crew-13"
"Crew-14","SpaceX Crew-14"
"Emmanuel Macron","Emmanuel Macron"
"Janet Petro","Janet Petro"
"Jessica Watkins","Jessica Watkins"
"Kamala Harris","Kamala Harris"
"Kayla Barron","Kayla Barron"
"Kathy Leuders","Kathy Lueders"
"Kathy Lueders","Kathy Lueders"
"Kathryn Lueders","Kathy Lueders"
"Keiko Nagaoka","Keiko Nagaoka"
"Kjell Lindgren","Kjell Lindgren"
"Kurt Vogel","Kurt Vogel"
"Mark Vande Hei","Mark Vande Hei"
"Megan McArthur","Megan McArthur"
"Mike Fincke","Michael Fincke"
"Mike Leinbach","Michael D. Leinbach"
"Mobile Launcher","Mobile launcher platforms"
"Pam Melroy","Pamela Melroy"
"Psyche","Psyche (spacecraft)"
"Raja Chari","Raja Chari"
"Robert Hines","Robert Hines"
"Robert Lightfoot","Robert M. Lightfoot, Jr."
"Samantha Cristoforetti","Samantha Cristoforetti"
"Shane Kimbrough","Robert S. Kimbrough"
"SpaceX Crew-1","SpaceX Crew-1"
"SpaceX Crew-2","SpaceX Crew-2"
"SpaceX Crew-3","SpaceX Crew-3"
"SpaceX Crew-4","SpaceX Crew-4"
"SpaceX Crew-5","SpaceX Crew-5"
"SpaceX Crew-6","SpaceX Crew-6"
"SpaceX Crew-7","SpaceX Crew-7"
"SpaceX Crew-8","SpaceX Crew-8"
"SpaceX Crew-9","SpaceX Crew-9"
"SSPF","Space Station Processing Facility"
"Suni Williams","Sunita Williams"
"Surface Water and Ocean Topography","Surface Water and Ocean Topography"
"SWOT","Surface Water and Ocean Topography"
"Thomas Pesquet","Thomas Pesquet"
"Tom Marshburn","Thomas Marshburn"
"VAB","Vehicle Assembly Building"
"VIPER","VIPER"
"Walter Cunningham","Walter Cunningham"
"X-59","Lockheed Martin X-59 QueSST"
