Webb category,Commons Category
Active Galaxies/Quasars,Active galactic nuclei
Annotated Observations,Images containing text
Announcements,Announcements
Artwork,Illustrations
Asteroids,Asteroids
Astronomy Basics,Astronomy
Binary Stars,Binary stars
Black Holes,Black holes
BoRG,BoRG
Bow Shocks,Stellar wind
Brown Dwarfs,Brown dwarfs
CANDELS,CANDELS
CLASH,CLASH
Comets,Comets
Cosmology,Cosmology
COSMOS,Cosmic Evolution Survey
Dark Energy,Dark energy
Dark Matter,Dark matter
Dark Nebulas,Dark nebulae
Deep Fields,Deep fields
Distant Galaxies,Galaxies
Dwarf Galaxies,Dwarf galaxies
Dwarf Planets,Dwarf planets of the Solar System
Early Release Observation,
Early Release Science program,
Earth,Earth
Elliptical Galaxies,Elliptical galaxies
Emission Nebulas,Emission nebulae
Exomoons,Extrasolar moons
Exoplanets,Exoplanets
First Galaxies,Galaxies
Frontier Fields,Frontier Fields
Galactic Center Survey,
Galaxies,Galaxies
Galaxy Clusters,Galaxy clusters
Galaxy Evolution,Galaxies
Galaxy Formation,Galaxies
Gamma Ray Bursts,Gamma ray bursts
Globular Clusters,Globular clusters
GOODS,Great Observatories Origins Deep Survey
Gravitational Lensing,Gravitational lensing
Infographics,Information graphics
Interacting Galaxies,Interacting galaxies
Intergalactic Gas,Intergalactic medium
Irregular Galaxies,Irregular galaxies
Jupiter,Jupiter (planet)
Kepler,Kepler (spacecraft)
Kuiper Belt Objects,Kuiper belt objects
Magellanic Clouds,Magellanic Clouds
Mars,Mars (planet)
Massive Stars,Supergiant stars
Medium Deep Survey,
Milky Way,Milky Way Galaxy
Milky Way Center,Galactic Center
Moons,Natural satellites
Multimission,
Multiple Star Systems,Multiple star systems
Multiwavelength,
Nebulas,Nebulae
Neptune,Neptune (planet)
Neutron Stars,Neutron stars
Novae,Novae
Observations,
Observatories,Observatories
Open Clusters,Open clusters
PHAT,
Photographs,
Planetary Atmospheres/Weather,Planetary atmospheres
Planetary Nebulas,Planetary nebulae
Planetary Rings,Planetary rings
Planets,Planets
Pluto,134340 Pluto
Printshop,
Pulsars,Pulsars
Red Dwarf Stars,Red dwarfs
Reflection Nebulas,Reflection nebulae
Saturn,Saturn (planet)
Small Solar System Bodies,Small Solar System bodies
Solar System,Solar System
Spectra,Spectrum
Spiral Galaxies,Spiral galaxies
Star Clusters,Star clusters
Star Fields,
Star Forming Regions,Star-forming region
Starburst Galaxies,Starburst galaxies
Stars,Stars
Stellar Disks,Circumstellar disks
Stellar Jets,Astrophysical jets
Supernova Remnants,Supernova remnants
Supernovae,Supernovae
Survey,Astronomical catalogues and surveys
SWEEPS,
Universe,Universe
Universe Age/Size,Universe
Uranus,Uranus (planet)
Variable Stars,Variable stars
Venus,Venus (planet)
Wall Murals,
Webb Mission,James Webb Space Telescope
White Dwarfs,White dwarfs
Wide Field Infrared Survey Telescope,Wide Field Infrared Survey Telescope
